[
    {
        "lesson": 31,
        "data": {
            "假名": "はります",
            "汉字": "貼ります",
            "中文": "贴",
            "例句": "壁に絵を貼ります。",
            "词性": "他动词"
        }
    },
    {
        "lesson": 31,
        "data": {
            "假名": "かけます",
            "汉字": "掛けます",
            "中文": "挂",
            "例句": "壁に地図を掛けます。",
            "词性": "他动词"
        }
    },
    {
        "lesson": 31,
        "data": {
            "假名": "ならべます",
            "汉字": "並べます",
            "中文": "排列",
            "例句": "本を棚に並べます。",
            "词性": "他动词"
        }
    },
    {
        "lesson": 31,
        "data": {
            "假名": "うえます",
            "汉字": "植えます",
            "中文": "种植",
            "例句": "庭に花を植えます。",
            "词性": "他动词"
        }
    },
    {
        "lesson": 31,
        "data": {
            "假名": "まとめます",
            "汉字": "纏めます",
            "中文": "收拾，完成",
            "例句": "部屋をまとめます。",
            "词性": "他动词"
        }
    },
    {
        "lesson": 31,
        "data": {
            "假名": "しまいます",
            "汉字": "仕舞います",
            "中文": "收纳、整理",
            "例句": "玩具を箱の中に仕舞います。",
            "词性": "他动词"
        }
    },
    {
        "lesson": 31,
        "data": {
            "假名": "きめます",
            "汉字": "決めます",
            "中文": "决定",
            "例句": "旅行の日時を決めます。",
            "词性": "他动词"
        }
    },
    {
        "lesson": 31,
        "data": {
            "假名": "よしゅうします",
            "汉字": "予習します",
            "中文": "预习",
            "例句": "明日の授業の内容を予習します。",
            "词性": "他动词"
        }
    },
    {
        "lesson": 31,
        "data": {
            "假名": "ふくしゅうします",
            "汉字": "復習します",
            "中文": "复习",
            "例句": "毎日、授業の内容を復習します。",
            "词性": "他动词"
        }
    },
    {
        "lesson": 31,
        "data": {
            "假名": "そのままにします",
            "汉字": "",
            "中文": "保持原状",
            "例句": "この部屋の配置はそのままにします。",
            "词性": "他动词"
        }
    },
    {
        "lesson": 31,
        "data": {
            "假名": "かざります",
            "汉字": "飾ります",
            "中文": "装饰（自）",
            "例句": "部屋を花で飾ります。",
            "词性": "他动词"
        }
    },
    {
        "lesson": 31,
        "data": {
            "假名": "もどします",
            "汉字": "戻します",
            "中文": "返还、还原（自）",
            "例句": "本を図書館に戻します。",
            "词性": "他动词"
        }
    },
    {
        "lesson": 31,
        "data": {
            "假名": "じゅぎょう",
            "汉字": "授業",
            "中文": "课程",
            "例句": "今日は三時間の授業があります。",
            "词性": "名词"
        }
    },
    {
        "lesson": 31,
        "data": {
            "假名": "こうぎ",
            "汉字": "講義",
            "中文": "讲义，上课",
            "例句": "先生は毎日講義をします。",
            "词性": "名词"
        }
    },
    {
        "lesson": 31,
        "data": {
            "假名": "ミーティング",
            "汉字": "",
            "中文": "会议",
            "例句": "今日は重要なミーティングがあります。",
            "词性": "名词"
        }
    },
    {
        "lesson": 31,
        "data": {
            "假名": "よてい",
            "汉字": "予定",
            "中文": "预定，计划",
            "例句": "私は明日の予定を立てました。",
            "词性": "名词"
        }
    },
    {
        "lesson": 31,
        "data": {
            "假名": "おしらせ",
            "汉字": "お知らせ",
            "中文": "通知",
            "例句": "先生から重要なお知らせがありました。",
            "词性": "名词"
        }
    },
    {
        "lesson": 31,
        "data": {
            "假名": "ガイドブック",
            "汉字": "",
            "中文": "指南",
            "例句": "このガイドブックを見ると、旅行が便利になります。",
            "词性": "名词"
        }
    },
    {
        "lesson": 31,
        "data": {
            "假名": "カレンダー",
            "汉字": "",
            "中文": "月历",
            "例句": "カレンダーに誕生日を書きました。",
            "词性": "名词"
        }
    },
    {
        "lesson": 31,
        "data": {
            "假名": "ポスター",
            "汉字": "",
            "中文": "海报",
            "例句": "壁にポスターを貼りました。",
            "词性": "名词"
        }
    },
    {
        "lesson": 31,
        "data": {
            "假名": "よていじょう",
            "汉字": "予定表",
            "中文": "计划表",
            "例句": "予定表を見て、スケジュールを確認します。",
            "词性": "名词"
        }
    },
    {
        "lesson": 31,
        "data": {
            "假名": "ごみばこ",
            "汉字": "ごみ箱",
            "中文": "垃圾箱",
            "例句": "ごみをごみ箱に捨てます。",
            "词性": "名词"
        }
    },
    {
        "lesson": 31,
        "data": {
            "假名": "にんぎょう",
            "汉字": "人形",
            "中文": "偶人",
            "例句": "子供は人形を大切にしています。",
            "词性": "名词"
        }
    },
    {
        "lesson": 31,
        "data": {
            "假名": "かびん",
            "汉字": "花瓶",
            "中文": "花瓶",
            "例句": "花瓶に花を入れました。",
            "词性": "名词"
        }
    },
    {
        "lesson": 31,
        "data": {
            "假名": "かがみ",
            "汉字": "鏡",
            "中文": "镜子",
            "例句": "鏡を見て自分の顔を確認します。",
            "词性": "名词"
        }
    },
    {
        "lesson": 31,
        "data": {
            "假名": "ひきだし",
            "汉字": "引き出し",
            "中文": "抽屉",
            "例句": "引き出しの中に本を入れました。",
            "词性": "名词"
        }
    },
    {
        "lesson": 31,
        "data": {
            "假名": "げんかん",
            "汉字": "玄関",
            "中文": "玄关",
            "例句": "玄関で靴を脱ぎます。",
            "词性": "名词"
        }
    },
    {
        "lesson": 31,
        "data": {
            "假名": "ろうか",
            "汉字": "廊下",
            "中文": "走廊",
            "例句": "廊下で友達に会いました。",
            "词性": "名词"
        }
    },
    {
        "lesson": 31,
        "data": {
            "假名": "かべ",
            "汉字": "壁",
            "中文": "墙壁",
            "例句": "壁に絵を掛けます。",
            "词性": "名词"
        }
    },
    {
        "lesson": 31,
        "data": {
            "假名": "いけ",
            "汉字": "池",
            "中文": "池塘、水池",
            "例句": "池に魚がいます。",
            "词性": "名词"
        }
    },
    {
        "lesson": 31,
        "data": {
            "假名": "もとの ところ",
            "汉字": "元の 所",
            "中文": "原处",
            "例句": "物を元の所に戻しましょう。",
            "词性": "名词"
        }
    },
    {
        "lesson": 31,
        "data": {
            "假名": "まわり",
            "汉字": "周り",
            "中文": "周围",
            "例句": "家の周りに木がたくさんあります。",
            "词性": "名词"
        }
    },
    {
        "lesson": 31,
        "data": {
            "假名": "まんなか",
            "汉字": "真ん中",
            "中文": "正中间",
            "例句": "部屋の真ん中にテーブルがあります。",
            "词性": "名词"
        }
    },
    {
        "lesson": 31,
        "data": {
            "假名": "すみ",
            "汉字": "隅",
            "中文": "角落",
            "例句": "隅に箱が置いてあります。",
            "词性": "名词"
        }
    },
    {
        "lesson": 31,
        "data": {
            "假名": "まだ",
            "汉字": "",
            "中文": "还",
            "例句": "私はまだ食べていません。",
            "词性": "副词"
        }
    },
    {
        "lesson": 31,
        "data": {
            "假名": "リュック",
            "汉字": "",
            "中文": "帆布背包",
            "例句": "リュックを背負って学校へ行きます。",
            "词性": "名词"
        }
    },
    {
        "lesson": 31,
        "data": {
            "假名": "ひじょうぶくろ",
            "汉字": "非常袋",
            "中文": "应急备用包",
            "例句": "非常袋を準備しておきましょう。",
            "词性": "名词"
        }
    },
    {
        "lesson": 31,
        "data": {
            "假名": "ひじょうじ",
            "汉字": "非常時",
            "中文": "发生紧急情况时",
            "例句": "非常時に備えて、訓練をします。",
            "词性": "名词"
        }
    },
    {
        "lesson": 31,
        "data": {
            "假名": "せいかつします",
            "汉字": "生活します",
            "中文": "生活",
            "例句": "私は日本で生活します。",
            "词性": "自动词"
        }
    },
    {
        "lesson": 31,
        "data": {
            "假名": "かいちゅうでんとう",
            "汉字": "懐中電灯",
            "中文": "手电",
            "例句": "夜道を歩くときに懐中電灯を持っています。",
            "词性": "名词"
        }
    },
    {
        "lesson": 31,
        "data": {
            "假名": "とか、とか",
            "汉字": "",
            "中文": "...啦，...啦（列举)",
            "例句": "果物とか、野菜とか、食べ物がたくさんあります。",
            "词性": "助词"
        }
    },
    {
        "lesson": 31,
        "data": {
            "假名": "まるい",
            "汉字": "丸い",
            "中文": "圆的",
            "例句": "丸い地球を見渡します。",
            "词性": "形容词"
        }
    },
    {
        "lesson": 31,
        "data": {
            "假名": "うれしい",
            "汉字": "嬉しい",
            "中文": "高兴",
            "例句": "友達から手紙をもらって嬉しいです。",
            "词性": "形容词"
        }
    },
    {
        "lesson": 31,
        "data": {
            "假名": "いや",
            "汉字": "嫌",
            "中文": "讨厌（adj.）",
            "例句": "私は虫が嫌です。",
            "词性": "形容词"
        }
    },
    {
        "lesson": 31,
        "data": {
            "假名": "すると",
            "汉字": "",
            "中文": "于是",
            "例句": "雨が降り出した。すると、人々は傘をさしました。",
            "词性": "连词"
        }
    },
    {
        "lesson": 31,
        "data": {
            "假名": "めがさめます",
            "汉字": "目が覚めます",
            "中文": "醒来、睁眼",
            "例句": "朝、目が覚めますと、太陽が昇っています。",
            "词性": "自动词"
        }
    },
    {
        "lesson": 31,
        "data": {
            "假名": "つづけます",
            "汉字": "続けます",
            "中文": "继续",
            "例句": "私は勉強を続けます。",
            "词性": "他动词"
        }
    },
    {
        "lesson": 31,
        "data": {
            "假名": "みつけます",
            "汉字": "見つけます",
            "中文": "找到、找出",
            "例句": "私は本を見つけました。",
            "词性": "他动词"
        }
    },
    {
        "lesson": 31,
        "data": {
            "假名": "とります",
            "汉字": "取ります",
            "中文": "取得",
            "例句": "私は賞品を取りました。",
            "词性": "他动词"
        }
    },
    {
        "lesson": 31,
        "data": {
            "假名": "うけます",
            "汉字": "受けます",
            "中文": "接受",
            "例句": "私は彼のプレゼントを受けました。",
            "词性": "他动词"
        }
    },
    {
        "lesson": 31,
        "data": {
            "假名": "もうしこみます",
            "汉字": "申し込みます",
            "中文": "申请",
            "例句": "私は大学に申し込みます。",
            "词性": "他动词"
        }
    },
    {
        "lesson": 31,
        "data": {
            "假名": "きゅうけいします",
            "汉字": "休憩します",
            "中文": "休息",
            "例句": "仕事の合間に休憩します。",
            "词性": "自动词"
        }
    },
    {
        "lesson": 31,
        "data": {
            "假名": "そつぎょうします",
            "汉字": "卒業します",
            "中文": "毕业",
            "例句": "来年、私は大学を卒業します。",
            "词性": "自动词"
        }
    },
    {
        "lesson": 31,
        "data": {
            "假名": "のこります",
            "汉字": "残ります",
            "中文": "剩下",
            "例句": "食べ物が少し残りました。",
            "词性": "自动词"
        }
    }
]