[
    {
        "lesson": 33,
        "data": {
            "假名": "さわぎます",
            "汉字": "騒ぎます",
            "中文": "吵闹、吵嚷",
            "例句": "子供たちが外で騒ぎます",
            "词性": "自动词"
        }
    },
    {
        "lesson": 33,
        "data": {
            "假名": "はじまります",
            "汉字": "始まります",
            "中文": "[典礼]开始",
            "例句": "式が始まります",
            "词性": "自动词"
        }
    },
    {
        "lesson": 33,
        "data": {
            "假名": "しゅっせきします",
            "汉字": "出席します",
            "中文": "出席",
            "例句": "会議に出席します",
            "词性": "自动词"
        }
    },
    {
        "lesson": 33,
        "data": {
            "假名": "ちゅういします",
            "汉字": "注意します",
            "中文": "注意、小心",
            "例句": "車に注意します",
            "词性": "自动词"
        }
    },
    {
        "lesson": 33,
        "data": {
            "假名": "もどります",
            "汉字": "戻ります",
            "中文": "回来",
            "例句": "学校から家に戻ります",
            "词性": "自动词"
        }
    },
    {
        "lesson": 33,
        "data": {
            "假名": "あります",
            "汉字": "",
            "中文": "有[电话]",
            "例句": "電話があります",
            "词性": "自动词"
        }
    },
    {
        "lesson": 33,
        "data": {
            "假名": "たすけあいます",
            "汉字": "助け合います",
            "中文": "互助",
            "例句": "困った時は助け合います",
            "词性": "自动词"
        }
    },
    {
        "lesson": 33,
        "data": {
            "假名": "おきます",
            "汉字": "起きます",
            "中文": "发生",
            "例句": "事故が起きます",
            "词性": "自动词"
        }
    },
    {
        "lesson": 33,
        "data": {
            "假名": "にげます",
            "汉字": "逃げます",
            "中文": "逃走",
            "例句": "犯人が逃げます",
            "词性": "自动词"
        }
    },
    {
        "lesson": 33,
        "data": {
            "假名": "あきらめます",
            "汉字": "諦めます",
            "中文": "放弃、死心",
            "例句": "難しい問題を諦めます",
            "词性": "自动词"
        }
    },
    {
        "lesson": 33,
        "data": {
            "假名": "なげます",
            "汉字": "投げます",
            "中文": "扔、投",
            "例句": "ボールを投げます",
            "词性": "他动词"
        }
    },
    {
        "lesson": 33,
        "data": {
            "假名": "まもります",
            "汉字": "守ります",
            "中文": "遵守",
            "例句": "約束を守ります",
            "词性": "他动词"
        }
    },
    {
        "lesson": 33,
        "data": {
            "假名": "つたえます",
            "汉字": "伝えます",
            "中文": "传达、转告",
            "例句": "メッセージを伝えます",
            "词性": "他动词"
        }
    },
    {
        "lesson": 33,
        "data": {
            "假名": "はずします",
            "汉字": "外します",
            "中文": "离开[座位]",
            "例句": "席を外します",
            "词性": "他动词"
        }
    },
    {
        "lesson": 33,
        "data": {
            "假名": "リサイクルします",
            "汉字": "",
            "中文": "再利用",
            "例句": "ペットボトルをリサイクルします",
            "词性": "他动词"
        }
    },
    {
        "lesson": 33,
        "data": {
            "假名": "だめ",
            "汉字": "駄目",
            "中文": "不行",
            "例句": "この方法は駄目です",
            "词性": "形容动词"
        }
    },
    {
        "lesson": 33,
        "data": {
            "假名": "おなじ",
            "汉字": "同じ",
            "中文": "一样、同样",
            "例句": "私たちは同じ考えです",
            "词性": "形容动词"
        }
    },
    {
        "lesson": 33,
        "data": {
            "假名": "けいさつ",
            "汉字": "警察",
            "中文": "警察",
            "例句": "警察に助けを求めます",
            "词性": "名词"
        }
    },
    {
        "lesson": 33,
        "data": {
            "假名": "せき",
            "汉字": "席",
            "中文": "座位",
            "例句": "席を取ります",
            "词性": "名词"
        }
    },
    {
        "lesson": 33,
        "data": {
            "假名": "マーク",
            "汉字": "",
            "中文": "标记、标志",
            "例句": "マークを付けます",
            "词性": "名词"
        }
    },
    {
        "lesson": 33,
        "data": {
            "假名": "ボール",
            "汉字": "",
            "中文": "球",
            "例句": "ボールを持っています",
            "词性": "名词"
        }
    },
    {
        "lesson": 33,
        "data": {
            "假名": "しめきり",
            "汉字": "締め切り",
            "中文": "截止日期",
            "例句": "締め切りが近づいています",
            "词性": "名词"
        }
    },
    {
        "lesson": 33,
        "data": {
            "假名": "きそく",
            "汉字": "規則",
            "中文": "规则",
            "例句": "規則を守りましょう",
            "词性": "名词"
        }
    },
    {
        "lesson": 33,
        "data": {
            "假名": "きけん",
            "汉字": "危険",
            "中文": "危险",
            "例句": "ここは危険です",
            "词性": "名词"
        }
    },
    {
        "lesson": 33,
        "data": {
            "假名": "しようきんし",
            "汉字": "使用禁止",
            "中文": "禁止使用",
            "例句": "この機械は使用禁止です",
            "词性": "名词"
        }
    },
    {
        "lesson": 33,
        "data": {
            "假名": "たちいりきんし",
            "汉字": "立入禁止",
            "中文": "禁止入内",
            "例句": "この場所は立入禁止です",
            "词性": "名词"
        }
    },
    {
        "lesson": 33,
        "data": {
            "假名": "じょこう",
            "汉字": "徐行",
            "中文": "慢行",
            "例句": "このエリアは徐行してください",
            "词性": "名词"
        }
    },
    {
        "lesson": 33,
        "data": {
            "假名": "いりぐち",
            "汉字": "入口",
            "中文": "入口",
            "例句": "入口から入ります",
            "词性": "名词"
        }
    },
    {
        "lesson": 33,
        "data": {
            "假名": "でぐち",
            "汉字": "出口",
            "中文": "出口",
            "例句": "出口から出ます",
            "词性": "名词"
        }
    },
    {
        "lesson": 33,
        "data": {
            "假名": "ひじょうぐち",
            "汉字": "非常口",
            "中文": "紧急出口",
            "例句": "非常口はこちらです",
            "词性": "名词"
        }
    },
    {
        "lesson": 33,
        "data": {
            "假名": "むりょう",
            "汉字": "無料",
            "中文": "免费",
            "例句": "このサービスは無料です",
            "词性": "名词"
        }
    },
    {
        "lesson": 33,
        "data": {
            "假名": "わりびき",
            "汉字": "割引",
            "中文": "折扣",
            "例句": "この商品は割引中です",
            "词性": "名词"
        }
    },
    {
        "lesson": 33,
        "data": {
            "假名": "のみ ほうだい",
            "汉字": "飲み放題",
            "中文": "饮料自助",
            "例句": "このレストランは飲み放題です",
            "词性": "名词"
        }
    },
    {
        "lesson": 33,
        "data": {
            "假名": "しようちゅう",
            "汉字": "使用中",
            "中文": "正在使用",
            "例句": "この部屋は使用中です",
            "词性": "名词"
        }
    },
    {
        "lesson": 33,
        "data": {
            "假名": "ぼしゅうちゅう",
            "汉字": "募集中",
            "中文": "正在招募",
            "例句": "このチームは募集中です",
            "词性": "名词"
        }
    },
    {
        "lesson": 33,
        "data": {
            "假名": "~ちゅう",
            "汉字": "~中",
            "中文": "正在~",
            "例句": "会議中です",
            "词性": "接尾词"
        }
    },
    {
        "lesson": 33,
        "data": {
            "假名": "どういう",
            "汉字": "",
            "中文": "怎样的~",
            "例句": "どういう問題ですか",
            "词性": "连体词"
        }
    },
    {
        "lesson": 33,
        "data": {
            "假名": "もう",
            "汉字": "",
            "中文": "已经",
            "例句": "もう時間がないです",
            "词性": "副词"
        }
    },
    {
        "lesson": 33,
        "data": {
            "假名": "あと",
            "汉字": "",
            "中文": "还有（接数量词）",
            "例句": "あと 10 分",
            "词性": "名词"
        }
    },
    {
        "lesson": 33,
        "data": {
            "假名": "ほど",
            "汉字": "",
            "中文": "大约",
            "例句": "1時間ほどかかります",
            "词性": "助数词"
        }
    },
    {
        "lesson": 33,
        "data": {
            "假名": "じしん",
            "汉字": "地震",
            "中文": "地震",
            "例句": "地震が起きました",
            "词性": "名词"
        }
    },
    {
        "lesson": 33,
        "data": {
            "假名": "もともと",
            "汉字": "元々",
            "中文": "原本",
            "例句": "元々ここは森でした",
            "词性": "副词"
        }
    },
    {
        "lesson": 33,
        "data": {
            "假名": "かなしい",
            "汉字": "悲しい",
            "中文": "悲伤",
            "例句": "友達が別れるのが悲しいです",
            "词性": "形容词"
        }
    },
    {
        "lesson": 33,
        "data": {
            "假名": "もっと",
            "汉字": "",
            "中文": "更加",
            "例句": "もっと頑張ります",
            "词性": "副词"
        }
    },
    {
        "lesson": 33,
        "data": {
            "假名": "あいさつ",
            "汉字": "挨拶",
            "中文": "寒暄",
            "例句": "挨拶をします",
            "词性": "名词"
        }
    },
    {
        "lesson": 33,
        "data": {
            "假名": "あいて",
            "汉字": "相手",
            "中文": "对方",
            "例句": "相手の考えを聞きます",
            "词性": "名词"
        }
    },
    {
        "lesson": 33,
        "data": {
            "假名": "きもち",
            "汉字": "気持ち",
            "中文": "心情",
            "例句": "気持ちが良いです",
            "词性": "名词"
        }
    }
]