[
    {
        "lesson": 36,
        "data": {
            "假名": "あいます",
            "汉字": "遭います",
            "中文": "遇到",
            "例句": "事故に遭います",
            "词性": "自动词"
        }
    },
    {
        "lesson": 36,
        "data": {
            "假名": "すぎます",
            "汉字": "過ぎます",
            "中文": "多；过",
            "例句": "7時を過ぎます",
            "词性": "自动词"
        }
    },
    {
        "lesson": 36,
        "data": {
            "假名": "なれます",
            "汉字": "慣れます",
            "中文": "习惯",
            "例句": "仕事に慣れます",
            "词性": "自动词"
        }
    },
    {
        "lesson": 36,
        "data": {
            "假名": "くさります",
            "汉字": "腐ります",
            "中文": "腐烂",
            "例句": "食べ物が腐ります",
            "词性": "自动词"
        }
    },
    {
        "lesson": 36,
        "data": {
            "假名": "ちょきんします",
            "汉字": "貯金します",
            "中文": "存钱",
            "例句": "毎月貯金します",
            "词性": "他动词"
        }
    },
    {
        "lesson": 36,
        "data": {
            "假名": "ちがいます",
            "汉字": "違います",
            "中文": "不一样，不对",
            "例句": "あなたの答えは違います",
            "词性": "自动词"
        }
    },
    {
        "lesson": 36,
        "data": {
            "假名": "チャレンジします",
            "汉字": "",
            "中文": "挑战",
            "例句": "新しいことにチャレンジします",
            "词性": "他动词"
        }
    },
    {
        "lesson": 36,
        "data": {
            "假名": "はこびます",
            "汉字": "運びます",
            "中文": "运送",
            "例句": "荷物を運びます",
            "词性": "他动词"
        }
    },
    {
        "lesson": 36,
        "data": {
            "假名": "りようします",
            "汉字": "利用します",
            "中文": "利用",
            "例句": "公共交通機関を利用します",
            "词性": "他动词"
        }
    },
    {
        "lesson": 36,
        "data": {
            "假名": "けんどう",
            "汉字": "剣道",
            "中文": "剑道",
            "例句": "毎週剣道の練習をします",
            "词性": "名词"
        }
    },
    {
        "lesson": 36,
        "data": {
            "假名": "じゅうどう",
            "汉字": "柔道",
            "中文": "柔道",
            "例句": "彼は柔道が上手です",
            "词性": "名词"
        }
    },
    {
        "lesson": 36,
        "data": {
            "假名": "ラッシユ",
            "汉字": "",
            "中文": "上下班高峰期",
            "例句": "ラッシュアワーに電車は込んでいます",
            "词性": "名词"
        }
    },
    {
        "lesson": 36,
        "data": {
            "假名": "うちゅう",
            "汉字": "宇宙",
            "中文": "宇宙",
            "例句": "宇宙への旅は夢のようです",
            "词性": "名词"
        }
    },
    {
        "lesson": 36,
        "data": {
            "假名": "きょく",
            "汉字": "曲",
            "中文": "曲子",
            "例句": "この曲はとても美しいです",
            "词性": "名词"
        }
    },
    {
        "lesson": 36,
        "data": {
            "假名": "まいしゅう",
            "汉字": "毎週",
            "中文": "每周",
            "例句": "毎週日曜日に映画を見ます",
            "词性": "名词"
        }
    },
    {
        "lesson": 36,
        "data": {
            "假名": "まいつき",
            "汉字": "毎月",
            "中文": "每月",
            "例句": "毎月の初めに家賃を払います",
            "词性": "名词"
        }
    },
    {
        "lesson": 36,
        "data": {
            "假名": "まいとし",
            "汉字": "毎年",
            "中文": "每年",
            "例句": "毎年夏に旅行に行きます",
            "词性": "名词"
        }
    },
    {
        "lesson": 36,
        "data": {
            "假名": "このごろ",
            "汉字": "この頃",
            "中文": "最近",
            "例句": "この頃、忙しいです",
            "词性": "名词"
        }
    },
    {
        "lesson": 36,
        "data": {
            "假名": "やっと",
            "汉字": "",
            "中文": "终于",
            "例句": "やっと試験が終わりました",
            "词性": "副词"
        }
    },
    {
        "lesson": 36,
        "data": {
            "假名": "かなり",
            "汉字": "",
            "中文": "相当",
            "例句": "今日はかなり暑いです",
            "词性": "副词"
        }
    },
    {
        "lesson": 36,
        "data": {
            "假名": "かならず",
            "汉字": "必ず",
            "中文": "一定",
            "例句": "約束したことは必ず守ります",
            "词性": "副词"
        }
    },
    {
        "lesson": 36,
        "data": {
            "假名": "ぜったいに",
            "汉字": "絶対に",
            "中文": "绝对地",
            "例句": "彼は絶対に間違いはしないでしょう",
            "词性": "副词"
        }
    },
    {
        "lesson": 36,
        "data": {
            "假名": "じょうずに",
            "汉字": "上手に",
            "中文": "熟练",
            "例句": "彼はピアノを上手に弾きます",
            "词性": "副词"
        }
    },
    {
        "lesson": 36,
        "data": {
            "假名": "できるだけ",
            "汉字": "",
            "中文": "尽可能",
            "例句": "できるだけ早く帰ります",
            "词性": "副词"
        }
    },
    {
        "lesson": 36,
        "data": {
            "假名": "ほとんど",
            "汉字": "",
            "中文": "几乎",
            "例句": "彼はほとんど毎日運動します",
            "词性": "副词"
        }
    },
    {
        "lesson": 36,
        "data": {
            "假名": "おきゃくさん",
            "汉字": "お客様",
            "中文": "顾客",
            "例句": "お客様を迎えます",
            "词性": "名词"
        }
    },
    {
        "lesson": 36,
        "data": {
            "假名": "すいえい",
            "汉字": "水泳",
            "中文": "游泳",
            "例句": "夏には水泳が好きです",
            "词性": "名词"
        }
    },
    {
        "lesson": 36,
        "data": {
            "假名": "とくべつ",
            "汉字": "特別",
            "中文": "特别",
            "例句": "今日は特別な日です",
            "词性": "形容动词"
        }
    },
    {
        "lesson": 36,
        "data": {
            "假名": "していらっしゃいます",
            "汉字": "していらっしゃいます",
            "中文": "正在做～",
            "例句": "先生は授業をしていらっしゃいます",
            "词性": "动词"
        }
    },
    {
        "lesson": 36,
        "data": {
            "假名": "つかって いらっしゃるんですね",
            "汉字": "使って いらっしゃるんですね",
            "中文": "用着～啊",
            "例句": "あなたはこの本を使っていらっしゃるんですね",
            "词性": "动词"
        }
    },
    {
        "lesson": 36,
        "data": {
            "假名": "きもち",
            "汉字": "気持ち",
            "中文": "心情、情绪、感受、心意",
            "例句": "彼の気持ちを理解します",
            "词性": "名词"
        }
    },
    {
        "lesson": 36,
        "data": {
            "假名": "のりもの",
            "汉字": "乗り物",
            "中文": "交通工具",
            "例句": "通勤に何の乗り物を使いますか",
            "词性": "名词"
        }
    },
    {
        "lesson": 36,
        "data": {
            "假名": "一せいき",
            "汉字": "一世紀",
            "中文": "一世纪",
            "例句": "一世紀の間に多くの変化がありました",
            "词性": "名词"
        }
    },
    {
        "lesson": 36,
        "data": {
            "假名": "とおく",
            "汉字": "遠く",
            "中文": "远处",
            "例句": "遠くに山が見えます",
            "词性": "名词"
        }
    },
    {
        "lesson": 36,
        "data": {
            "假名": "めずらしい",
            "汉字": "珍しい",
            "中文": "珍奇、罕见",
            "例句": "この花は珍しいです",
            "词性": "形容词"
        }
    },
    {
        "lesson": 36,
        "data": {
            "假名": "きしゃ",
            "汉字": "汽車",
            "中文": "火车",
            "例句": "汽車に乗って旅行します",
            "词性": "名词"
        }
    },
    {
        "lesson": 36,
        "data": {
            "假名": "きせん",
            "汉字": "汽船",
            "中文": "汽船",
            "例句": "汽船で湖を巡ります",
            "词性": "名词"
        }
    },
    {
        "lesson": 36,
        "data": {
            "假名": "おおぜいの",
            "汉字": "大勢の",
            "中文": "很多的〜",
            "例句": "人が大勢います",
            "词性": "连体词"
        }
    },
    {
        "lesson": 36,
        "data": {
            "假名": "じゆうに",
            "汉字": "自由に",
            "中文": "自由地",
            "例句": "自由に意見を言ってください",
            "词性": "副词"
        }
    }
]