[
    {
        "lesson": 37,
        "data": {
            "假名": "ほめます",
            "汉字": "褒めます",
            "中文": "表扬",
            "例句": "先生は学生を褒めます。",
            "词性": "他动词"
        }
    },
    {
        "lesson": 37,
        "data": {
            "假名": "しかります",
            "汉字": "叱ります",
            "中文": "批评",
            "例句": "父は子供を叱ります。",
            "词性": "他动词"
        }
    },
    {
        "lesson": 37,
        "data": {
            "假名": "さそいます",
            "汉字": "誘います",
            "中文": "劝诱",
            "例句": "友達は私をパーティーに誘います。",
            "词性": "他动词"
        }
    },
    {
        "lesson": 37,
        "data": {
            "假名": "しょうたいします",
            "汉字": "招待します",
            "中文": "招待",
            "例句": "彼は私をレストランに招待します。",
            "词性": "他动词"
        }
    },
    {
        "lesson": 37,
        "data": {
            "假名": "たのみます",
            "汉字": "頼みます",
            "中文": "请求、委托",
            "例句": "私は彼に仕事を頼みます。",
            "词性": "他动词"
        }
    },
    {
        "lesson": 37,
        "data": {
            "假名": "ちゅういします",
            "汉字": "注意します",
            "中文": "提醒、警告",
            "例句": "先生は学生に安全を注意します。",
            "词性": "他动词"
        }
    },
    {
        "lesson": 37,
        "data": {
            "假名": "とります",
            "汉字": "盗ります",
            "中文": "偷窃、盗取",
            "例句": "泥棒は財布を盗ります。",
            "词性": "他动词"
        }
    },
    {
        "lesson": 37,
        "data": {
            "假名": "ふみます",
            "汉字": "踏みます",
            "中文": "踩",
            "例句": "私は虫を踏みます。",
            "词性": "他动词"
        }
    },
    {
        "lesson": 37,
        "data": {
            "假名": "こわします",
            "汉字": "壊します",
            "中文": "弄坏",
            "例句": "子供は玩具を壊します。",
            "词性": "他动词"
        }
    },
    {
        "lesson": 37,
        "data": {
            "假名": "よごします",
            "汉字": "汚します",
            "中文": "弄脏",
            "例句": "彼は服を汚します。",
            "词性": "他动词"
        }
    },
    {
        "lesson": 37,
        "data": {
            "假名": "おこないます",
            "汉字": "行います",
            "中文": "举办、举行",
            "例句": "学校は祭りを行います。",
            "词性": "他动词"
        }
    },
    {
        "lesson": 37,
        "data": {
            "假名": "ゆしゅつします",
            "汉字": "輸出します",
            "中文": "出口",
            "例句": "この国は自動車を輸出します。",
            "词性": "他动词"
        }
    },
    {
        "lesson": 37,
        "data": {
            "假名": "ゆにゅうします",
            "汉字": "輸入します",
            "中文": "进口",
            "例句": "私たちは外国の商品を輸入します。",
            "词性": "他动词"
        }
    },
    {
        "lesson": 37,
        "data": {
            "假名": "ほんやくします",
            "汉字": "翻訳します",
            "中文": "笔译",
            "例句": "彼は文章を翻訳します。",
            "词性": "他动词"
        }
    },
    {
        "lesson": 37,
        "data": {
            "假名": "はつめいします",
            "汉字": "発明します",
            "中文": "发明",
            "例句": "科学者は新しい機械を発明します。",
            "词性": "他动词"
        }
    },
    {
        "lesson": 37,
        "data": {
            "假名": "はっけんします",
            "汉字": "発見します",
            "中文": "发现",
            "例句": "探検家は新しい島を発見します。",
            "词性": "他动词"
        }
    },
    {
        "lesson": 37,
        "data": {
            "假名": "やけます",
            "汉字": "焼けます",
            "中文": "起火燃烧",
            "例句": "木は火に焼けます。",
            "词性": "自动词"
        }
    },
    {
        "lesson": 37,
        "data": {
            "假名": "ねむります",
            "汉字": "眠ります",
            "中文": "睡眠",
            "例句": "子供は夜早く眠ります。",
            "词性": "自动词"
        }
    },
    {
        "lesson": 37,
        "data": {
            "假名": "ほります",
            "汉字": "彫ります",
            "中文": "雕刻",
            "例句": "彼は木を彫ります。",
            "词性": "他动词"
        }
    },
    {
        "lesson": 37,
        "data": {
            "假名": "こめ",
            "汉字": "米",
            "中文": "大米",
            "例句": "私は米を食べます。",
            "词性": "名词"
        }
    },
    {
        "lesson": 37,
        "data": {
            "假名": "むぎ",
            "汉字": "麦",
            "中文": "麦子",
            "例句": "農家は麦を作ります。",
            "词性": "名词"
        }
    },
    {
        "lesson": 37,
        "data": {
            "假名": "せきゆ",
            "汉字": "石油",
            "中文": "石油",
            "例句": "この国は石油を産出します。",
            "词性": "名词"
        }
    },
    {
        "lesson": 37,
        "data": {
            "假名": "げんりょう",
            "汉字": "原料",
            "中文": "原料",
            "例句": "工場は原料を使います。",
            "词性": "名词"
        }
    },
    {
        "lesson": 37,
        "data": {
            "假名": "インスタントラーメン",
            "汉字": "",
            "中文": "方便面",
            "例句": "忙しい時はインスタントラーメンを食べます。",
            "词性": "名词"
        }
    },
    {
        "lesson": 37,
        "data": {
            "假名": "デート",
            "汉字": "",
            "中文": "约会",
            "例句": "彼は彼女とデートをします。",
            "词性": "名词"
        }
    },
    {
        "lesson": 37,
        "data": {
            "假名": "どろぼう",
            "汉字": "泥棒",
            "中文": "小偷",
            "例句": "泥棒は家に入ります。",
            "词性": "名词"
        }
    },
    {
        "lesson": 37,
        "data": {
            "假名": "けいかん",
            "汉字": "警官",
            "中文": "警官",
            "例句": "警官は犯罪を取り締まります。",
            "词性": "名词"
        }
    },
    {
        "lesson": 37,
        "data": {
            "假名": "せかいじゅう",
            "汉字": "世界中",
            "中文": "全世界",
            "例句": "世界中の人々が平和を望みます。",
            "词性": "名词"
        }
    },
    {
        "lesson": 37,
        "data": {
            "假名": "せいき",
            "汉字": "世紀",
            "中文": "世纪",
            "例句": "この世紀は科学技術が進歩します。",
            "词性": "名词"
        }
    },
    {
        "lesson": 37,
        "data": {
            "假名": "なにご",
            "汉字": "何語",
            "中文": "哪种语言",
            "例句": "あなたは何語を話せますか？",
            "词性": "名词"
        }
    },
    {
        "lesson": 37,
        "data": {
            "假名": "だれか",
            "汉字": "誰か",
            "中文": "有谁",
            "例句": "誰か教室にいますか？",
            "词性": "代词"
        }
    },
    {
        "lesson": 37,
        "data": {
            "假名": "よかったですね",
            "汉字": "良かったですね",
            "中文": "太好了",
            "例句": "試験に合格した。よかったですね。",
            "词性": "感叹词"
        }
    },
    {
        "lesson": 37,
        "data": {
            "假名": "みなさま",
            "汉字": "皆様",
            "中文": "各位",
            "例句": "皆様、こんにちは。",
            "词性": "代词"
        }
    },
    {
        "lesson": 37,
        "data": {
            "假名": "そのご",
            "汉字": "その後",
            "中文": "那之后 后来",
            "例句": "彼は仕事を終え、その後家に帰ります。",
            "词性": "名词"
        }
    },
    {
        "lesson": 37,
        "data": {
            "假名": "せかいいさん",
            "汉字": "世界遺産",
            "中文": "世界遗产",
            "例句": "この町には世界遺産があります。",
            "词性": "名词"
        }
    },
    {
        "lesson": 37,
        "data": {
            "假名": "きんいろ",
            "汉字": "金色",
            "中文": "金色",
            "例句": "夕日は空を金色に染めます。",
            "词性": "名词"
        }
    },
    {
        "lesson": 37,
        "data": {
            "假名": "ほんもの",
            "汉字": "本物",
            "中文": "真货真的",
            "例句": "この宝石は本物です。",
            "词性": "名词"
        }
    },
    {
        "lesson": 37,
        "data": {
            "假名": "きん",
            "汉字": "金",
            "中文": "金子",
            "例句": "彼は金を持っています。",
            "词性": "名词"
        }
    },
    {
        "lesson": 37,
        "data": {
            "假名": "キロ",
            "汉字": "",
            "中文": "公斤、公里",
            "例句": "私はこの荷物をキロで売ります。",
            "词性": "量词"
        }
    },
    {
        "lesson": 37,
        "data": {
            "假名": "うつくしい",
            "汉字": "美しい",
            "中文": "美丽好看",
            "例句": "この花は美しいです。",
            "词性": "形容词"
        }
    },
    {
        "lesson": 37,
        "data": {
            "假名": "ごうか",
            "汉字": "豪華",
            "中文": "豪华",
            "例句": "彼は豪華な車を持っています。",
            "词性": "形容词"
        }
    },
    {
        "lesson": 37,
        "data": {
            "假名": "ちょうこく",
            "汉字": "彫刻",
            "中文": "雕刻",
            "例句": "美術館にはたくさんの彫刻があります。",
            "词性": "名词"
        }
    },
    {
        "lesson": 37,
        "data": {
            "假名": "いいつたえ",
            "汉字": "言い伝え",
            "中文": "传说",
            "例句": "この村には古い言い伝えがあります。",
            "词性": "名词"
        }
    },
    {
        "lesson": 37,
        "data": {
            "假名": "なかま",
            "汉字": "仲間",
            "中文": "朋友伙伴",
            "例句": "私は仲間と一緒に遊びます。",
            "词性": "名词"
        }
    },
    {
        "lesson": 37,
        "data": {
            "假名": "しかし",
            "汉字": "",
            "中文": "但是",
            "例句": "彼は忙しい。しかし、彼は助けてくれます。",
            "词性": "连词"
        }
    },
    {
        "lesson": 37,
        "data": {
            "假名": "いっしょうけんめい",
            "汉字": "一生懸命",
            "中文": "努力拼命",
            "例句": "彼は一生懸命勉強します。",
            "词性": "副词"
        }
    },
    {
        "lesson": 37,
        "data": {
            "假名": "ねずみ",
            "汉字": "鼠",
            "中文": "老鼠",
            "例句": "猫はねずみを捕まえます。",
            "词性": "名词"
        }
    }
]