[
    {
        "lesson": 35,
        "data": {
            "假名": "さきます",
            "汉字": "咲きます",
            "中文": "开（花）",
            "例句": "花が咲きます",
            "词性": "自动词"
        }
    },
    {
        "lesson": 35,
        "data": {
            "假名": "かわります",
            "汉字": "変わります",
            "中文": "变（色）",
            "例句": "色が変わります",
            "词性": "自动词"
        }
    },
    {
        "lesson": 35,
        "data": {
            "假名": "こまります",
            "汉字": "困ります",
            "中文": "为难、困惑",
            "例句": "原因に困ります",
            "词性": "自动词"
        }
    },
    {
        "lesson": 35,
        "data": {
            "假名": "なおります",
            "汉字": "治ります",
            "中文": "治、修",
            "例句": "病気が治ります",
            "词性": "自动词"
        }
    },
    {
        "lesson": 35,
        "data": {
            "假名": "まじわります",
            "汉字": "交わります",
            "中文": "交际",
            "例句": "友人と交わります",
            "词性": "自动词"
        }
    },
    {
        "lesson": 35,
        "data": {
            "假名": "なかよくします",
            "汉字": "仲良くします",
            "中文": "搞好关系",
            "例句": "新しい友達と仲良くします",
            "词性": "他动词"
        }
    },
    {
        "lesson": 35,
        "data": {
            "假名": "つけます",
            "汉字": "付けます",
            "中文": "画（圈）",
            "例句": "正解の答えに丸を付けます",
            "词性": "他动词"
        }
    },
    {
        "lesson": 35,
        "data": {
            "假名": "クリックします",
            "汉字": "",
            "中文": "点击",
            "例句": "画面のボタンをクリックします",
            "词性": "他动词"
        }
    },
    {
        "lesson": 35,
        "data": {
            "假名": "にゅうりょくします",
            "汉字": "入力します",
            "中文": "输入",
            "例句": "パスワードを入力します",
            "词性": "他动词"
        }
    },
    {
        "lesson": 35,
        "data": {
            "假名": "ただしい",
            "汉字": "正しい",
            "中文": "正确",
            "例句": "正しい答えを選んでください",
            "词性": "形容词"
        }
    },
    {
        "lesson": 35,
        "data": {
            "假名": "むこう",
            "汉字": "向こう",
            "中文": "对面",
            "例句": "向こうに美しい島があります",
            "词性": "名词"
        }
    },
    {
        "lesson": 35,
        "data": {
            "假名": "しま",
            "汉字": "島",
            "中文": "岛",
            "例句": "遠くの島へ旅行します",
            "词性": "名词"
        }
    },
    {
        "lesson": 35,
        "data": {
            "假名": "みなと",
            "汉字": "港",
            "中文": "港口",
            "例句": "港にはたくさんの船が泊まっています",
            "词性": "名词"
        }
    },
    {
        "lesson": 35,
        "data": {
            "假名": "きんじょ",
            "汉字": "近所",
            "中文": "邻居 附近",
            "例句": "近所の人たちと交流します",
            "词性": "名词"
        }
    },
    {
        "lesson": 35,
        "data": {
            "假名": "おくじょう",
            "汉字": "屋上",
            "中文": "屋顶上",
            "例句": "屋上で夕日を見ます",
            "词性": "名词"
        }
    },
    {
        "lesson": 35,
        "data": {
            "假名": "かいがい",
            "汉字": "海外",
            "中文": "海外",
            "例句": "海外へ留学する予定です",
            "词性": "名词"
        }
    },
    {
        "lesson": 35,
        "data": {
            "假名": "やまのぼり",
            "汉字": "山登り",
            "中文": "登山",
            "例句": "週末に山登りに行きます",
            "词性": "名词"
        }
    },
    {
        "lesson": 35,
        "data": {
            "假名": "れきし",
            "汉字": "歴史",
            "中文": "历史",
            "例句": "この国の歴史を勉強します",
            "词性": "名词"
        }
    },
    {
        "lesson": 35,
        "data": {
            "假名": "きかい",
            "汉字": "機会",
            "中文": "机会",
            "例句": "大切な機会を逃さないようにします",
            "词性": "名词"
        }
    },
    {
        "lesson": 35,
        "data": {
            "假名": "きょか",
            "汉字": "許可",
            "中文": "许可",
            "例句": "先生の許可を得なければなりません",
            "词性": "名词"
        }
    },
    {
        "lesson": 35,
        "data": {
            "假名": "まる",
            "汉字": "丸",
            "中文": "圆圈",
            "例句": "紙に丸を描きます",
            "词性": "名词"
        }
    },
    {
        "lesson": 35,
        "data": {
            "假名": "ふりがな",
            "汉字": "振り仮名",
            "中文": "注音假名",
            "例句": "難しい漢字に振り仮名を付けます",
            "词性": "名词"
        }
    },
    {
        "lesson": 35,
        "data": {
            "假名": "せつび",
            "汉字": "設備",
            "中文": "设备",
            "例句": "学校の設備は充実しています",
            "词性": "名词"
        }
    },
    {
        "lesson": 35,
        "data": {
            "假名": "レバー",
            "汉字": "",
            "中文": "杆",
            "例句": "レバーを引くとドアが開きます",
            "词性": "名词"
        }
    },
    {
        "lesson": 35,
        "data": {
            "假名": "キー",
            "汉字": "",
            "中文": "按键",
            "例句": "キーを押して電源を入れます",
            "词性": "名词"
        }
    },
    {
        "lesson": 35,
        "data": {
            "假名": "カーテン",
            "汉字": "",
            "中文": "窗帘",
            "例句": "カーテンを閉めて部屋を暗くします",
            "词性": "名词"
        }
    },
    {
        "lesson": 35,
        "data": {
            "假名": "ひも",
            "汉字": "紐",
            "中文": "绳子",
            "例句": "荷物を紐で縛ります",
            "词性": "名词"
        }
    },
    {
        "lesson": 35,
        "data": {
            "假名": "すいはんき",
            "汉字": "炊飯器",
            "中文": "电饭锅",
            "例句": "炊飯器でご飯を炊きます",
            "词性": "名词"
        }
    },
    {
        "lesson": 35,
        "data": {
            "假名": "は",
            "汉字": "葉",
            "中文": "叶子",
            "例句": "木の葉が落ちています",
            "词性": "名词"
        }
    },
    {
        "lesson": 35,
        "data": {
            "假名": "むかし",
            "汉字": "昔",
            "中文": "过去",
            "例句": "昔は生活が大変でした",
            "词性": "名词"
        }
    },
    {
        "lesson": 35,
        "data": {
            "假名": "もっと",
            "汉字": "",
            "中文": "更多",
            "例句": "もっと努力します",
            "词性": "副词"
        }
    },
    {
        "lesson": 35,
        "data": {
            "假名": "それなら",
            "汉字": "",
            "中文": "如果那样",
            "例句": "それなら、私も行きます",
            "词性": "连词"
        }
    },
    {
        "lesson": 35,
        "data": {
            "假名": "やこうバス",
            "汉字": "夜行バス",
            "中文": "夜行巴士",
            "例句": "夜行バスで旅行します",
            "词性": "名词"
        }
    },
    {
        "lesson": 35,
        "data": {
            "假名": "りょこうしゃ",
            "汉字": "旅行社",
            "中文": "旅行社",
            "例句": "旅行社に旅行の予約をします",
            "词性": "名词"
        }
    },
    {
        "lesson": 35,
        "data": {
            "假名": "くわしい",
            "汉字": "詳しい",
            "中文": "详细/精通",
            "例句": "彼は歴史に詳しいです",
            "词性": "形容词"
        }
    },
    {
        "lesson": 35,
        "data": {
            "假名": "スキ一じょう",
            "汉字": "スキ一場",
            "中文": "滑雪场",
            "例句": "スキー場でスキーをします",
            "词性": "名词"
        }
    },
    {
        "lesson": 35,
        "data": {
            "假名": "しゅ",
            "汉字": "朱",
            "中文": "朱红色",
            "例句": "朱色の花が美しいです",
            "词性": "名词"
        }
    },
    {
        "lesson": 35,
        "data": {
            "假名": "ことわざ",
            "汉字": "諺",
            "中文": "谚语",
            "例句": "この諺は深い意味があります",
            "词性": "名词"
        }
    },
    {
        "lesson": 35,
        "data": {
            "假名": "かんけい",
            "汉字": "関係",
            "中文": "关系",
            "例句": "彼との関係は良いです",
            "词性": "名词"
        }
    },
    {
        "lesson": 35,
        "data": {
            "假名": "ひつよう「な」",
            "汉字": "必要",
            "中文": "必要，需要",
            "例句": "この仕事には経験が必要です",
            "词性": "名词"
        }
    },
    {
        "lesson": 35,
        "data": {
            "假名": "JRでも",
            "汉字": "",
            "中文": "JR之类的",
            "例句": "JRでも電車でも行けます",
            "词性": "名词短语"
        }
    }
]