[
    {
        "lesson": 32,
        "data": {
            "假名": "せいこうします",
            "汉字": "成功します",
            "中文": "成功",
            "例句": "試験で成功します",
            "词性": "自动词"
        }
    },
    {
        "lesson": 32,
        "data": {
            "假名": "しっぱい",
            "汉字": "失敗します",
            "中文": "失败",
            "例句": "試験に失敗します",
            "词性": "自动词"
        }
    },
    {
        "lesson": 32,
        "data": {
            "假名": "ごうかくします",
            "汉字": "合格します",
            "中文": "合格",
            "例句": "試験に合格します",
            "词性": "自动词"
        }
    },
    {
        "lesson": 32,
        "data": {
            "假名": "やみます",
            "汉字": "",
            "中文": "停了",
            "例句": "雨が止みます",
            "词性": "自动词"
        }
    },
    {
        "lesson": 32,
        "data": {
            "假名": "はれます",
            "汉字": "晴れます",
            "中文": "晴",
            "例句": "明日は晴れます",
            "词性": "自动词"
        }
    },
    {
        "lesson": 32,
        "data": {
            "假名": "くもります",
            "汉字": "曇ります",
            "中文": "阴",
            "例句": "今日は曇ります",
            "词性": "自动词"
        }
    },
    {
        "lesson": 32,
        "data": {
            "假名": "つづきます",
            "汉字": "続きます",
            "中文": "持续",
            "例句": "熱が続きます",
            "词性": "自动词"
        }
    },
    {
        "lesson": 32,
        "data": {
            "假名": "こみます",
            "汉字": "込みます",
            "中文": "拥挤",
            "例句": "道が込んでいます",
            "词性": "自动词"
        }
    },
    {
        "lesson": 32,
        "data": {
            "假名": "すきます",
            "汉字": "空きます",
            "中文": "空",
            "例句": "道が空いています",
            "词性": "自动词"
        }
    },
    {
        "lesson": 32,
        "data": {
            "假名": "こまりまし",
            "汉字": "困りまし",
            "中文": "困惑",
            "例句": "この問題で困りまし",
            "词性": "自动词"
        }
    },
    {
        "lesson": 32,
        "data": {
            "假名": "でます",
            "汉字": "出ます",
            "中文": "参加",
            "例句": "試験に出ます （参加考试）",
            "词性": "自动词"
        }
    },
    {
        "lesson": 32,
        "data": {
            "假名": "うんどうします",
            "汉字": "運動します",
            "中文": "运动",
            "例句": "毎日運動します",
            "词性": "自动词"
        }
    },
    {
        "lesson": 32,
        "data": {
            "假名": "ひきます",
            "汉字": "引きます",
            "中文": "患",
            "例句": "風邪が引きます",
            "词性": "自动词"
        }
    },
    {
        "lesson": 32,
        "data": {
            "假名": "ひやします",
            "汉字": "冷やします",
            "中文": "冰镇",
            "例句": "ビールを冷やします",
            "词性": "他动词"
        }
    },
    {
        "lesson": 32,
        "data": {
            "假名": "むりをします",
            "汉字": "無理をします",
            "中文": "勉强",
            "例句": "無理をしてはいけません",
            "词性": "自动词"
        }
    },
    {
        "lesson": 32,
        "data": {
            "假名": "じゅうぶん",
            "汉字": "十分",
            "中文": "充分",
            "例句": "十分な睡眠が必要です",
            "词性": "形容动词"
        }
    },
    {
        "lesson": 32,
        "data": {
            "假名": "おかしい",
            "汉字": "可笑しい",
            "中文": "可笑,滑稽",
            "例句": "彼の話は可笑しいです",
            "词性": "形容词"
        }
    },
    {
        "lesson": 32,
        "data": {
            "假名": "うるさい",
            "汉字": "煩い",
            "中文": "吵闹，烦人",
            "例句": "隣の人が煩いです",
            "词性": "形容词"
        }
    },
    {
        "lesson": 32,
        "data": {
            "假名": "せんせい",
            "汉字": "先生",
            "中文": "大夫，医生",
            "例句": "先生に相談します",
            "词性": "名词"
        }
    },
    {
        "lesson": 32,
        "data": {
            "假名": "やけど",
            "汉字": "火傷",
            "中文": "烫伤，烧伤",
            "例句": "やけどをします",
            "词性": "名词"
        }
    },
    {
        "lesson": 32,
        "data": {
            "假名": "けが",
            "汉字": "怪我",
            "中文": "伤，受伤",
            "例句": "スポーツで怪我をします",
            "词性": "名词"
        }
    },
    {
        "lesson": 32,
        "data": {
            "假名": "せき",
            "汉字": "",
            "中文": "咳嗽",
            "例句": "せきが出ます",
            "词性": "名词"
        }
    },
    {
        "lesson": 32,
        "data": {
            "假名": "インフルエンザ",
            "汉字": "",
            "中文": "流感",
            "例句": "インフルエンザに掛かります",
            "词性": "名词"
        }
    },
    {
        "lesson": 32,
        "data": {
            "假名": "そら",
            "汉字": "空",
            "中文": "天空",
            "例句": "空は青いです",
            "词性": "名词"
        }
    },
    {
        "lesson": 32,
        "data": {
            "假名": "たいよう",
            "汉字": "太陽",
            "中文": "太阳",
            "例句": "太陽は昇ります",
            "词性": "名词"
        }
    },
    {
        "lesson": 32,
        "data": {
            "假名": "ほし",
            "汉字": "星",
            "中文": "星星",
            "例句": "夜に星が見えます",
            "词性": "名词"
        }
    },
    {
        "lesson": 32,
        "data": {
            "假名": "かぜ",
            "汉字": "風",
            "中文": "风",
            "例句": "風が吹いています",
            "词性": "名词"
        }
    },
    {
        "lesson": 32,
        "data": {
            "假名": "ひがし",
            "汉字": "東",
            "中文": "东",
            "例句": "太陽は東から昇ります",
            "词性": "名词"
        }
    },
    {
        "lesson": 32,
        "data": {
            "假名": "にし",
            "汉字": "西",
            "中文": "西",
            "例句": "太陽は西に沈みます",
            "词性": "名词"
        }
    },
    {
        "lesson": 32,
        "data": {
            "假名": "みなみ",
            "汉字": "南",
            "中文": "南",
            "例句": "私の家は南にあります",
            "词性": "名词"
        }
    },
    {
        "lesson": 32,
        "data": {
            "假名": "きた",
            "汉字": "北",
            "中文": "北",
            "例句": "北の方に行きます",
            "词性": "名词"
        }
    },
    {
        "lesson": 32,
        "data": {
            "假名": "こくさい",
            "汉字": "国際",
            "中文": "国际",
            "例句": "国際会議に参加します",
            "词性": "名词"
        }
    },
    {
        "lesson": 32,
        "data": {
            "假名": "すいどう",
            "汉字": "水道",
            "中文": "自来水",
            "例句": "水道の水はきれいです",
            "词性": "名词"
        }
    },
    {
        "lesson": 32,
        "data": {
            "假名": "エンジン",
            "汉字": "",
            "中文": "引擎",
            "例句": "エンジンが故障しました",
            "词性": "名词"
        }
    },
    {
        "lesson": 32,
        "data": {
            "假名": "チーム",
            "汉字": "",
            "中文": "团队",
            "例句": "チームを作る",
            "词性": "名词"
        }
    },
    {
        "lesson": 32,
        "data": {
            "假名": "こんや",
            "汉字": "今夜",
            "中文": "今晚",
            "例句": "今夜は映画を見ます",
            "词性": "名词"
        }
    },
    {
        "lesson": 32,
        "data": {
            "假名": "ゆうがた",
            "汉字": "夕方",
            "中文": "黄昏",
            "例句": "夕方に散歩します",
            "词性": "名词"
        }
    },
    {
        "lesson": 32,
        "data": {
            "假名": "まえ",
            "汉字": "前",
            "中文": "之前，以前",
            "例句": "前に見た映画が面白かったです",
            "词性": "名词"
        }
    },
    {
        "lesson": 32,
        "data": {
            "假名": "おそく",
            "汉字": "遅く",
            "中文": "晚(指时间)",
            "例句": "遅くまで勉強します",
            "词性": "副词"
        }
    },
    {
        "lesson": 32,
        "data": {
            "假名": "こんなに",
            "汉字": "",
            "中文": "这么",
            "例句": "こんなに寒いですね",
            "词性": "副词"
        }
    },
    {
        "lesson": 32,
        "data": {
            "假名": "そんなに",
            "汉字": "",
            "中文": "那么",
            "例句": "そんなに忙しくないです",
            "词性": "副词"
        }
    },
    {
        "lesson": 32,
        "data": {
            "假名": "あんなに",
            "汉字": "",
            "中文": "那么",
            "例句": "あんなに速く走れません",
            "词性": "副词"
        }
    },
    {
        "lesson": 32,
        "data": {
            "假名": "げんき",
            "汉字": "元氣",
            "中文": "精神",
            "例句": "彼は元気です",
            "词性": "形容动词"
        }
    },
    {
        "lesson": 32,
        "data": {
            "假名": "い",
            "汉字": "胃",
            "中文": "胃",
            "例句": "胃が痛いです",
            "词性": "名词"
        }
    },
    {
        "lesson": 32,
        "data": {
            "假名": "ストレス",
            "汉字": "",
            "中文": "压力",
            "例句": "ストレスがあります",
            "词性": "名词"
        }
    },
    {
        "lesson": 32,
        "data": {
            "假名": "ほしうらな",
            "汉字": "星占い",
            "中文": "占星术",
            "例句": "星占いを見ます",
            "词性": "名词"
        }
    },
    {
        "lesson": 32,
        "data": {
            "假名": "はたらきすぎ",
            "汉字": "働きすぎ",
            "中文": "过量工作",
            "例句": "働きすぎは体に良くないです",
            "词性": "名词"
        }
    },
    {
        "lesson": 32,
        "data": {
            "假名": "たからくじ",
            "汉字": "宝くじ",
            "中文": "彩票",
            "例句": "宝くじに当たります",
            "词性": "名词"
        }
    },
    {
        "lesson": 32,
        "data": {
            "假名": "けんこう",
            "汉字": "健康",
            "中文": "健康",
            "例句": "健康を維持するために運動します",
            "词性": "名词"
        }
    },
    {
        "lesson": 32,
        "data": {
            "假名": "れんあい",
            "汉字": "恋愛",
            "中文": "恋爱",
            "例句": "恋愛は素敵です",
            "词性": "名词"
        }
    },
    {
        "lesson": 32,
        "data": {
            "假名": "こいびと",
            "汉字": "恋人",
            "中文": "恋人",
            "例句": "恋人とデートします",
            "词性": "名词"
        }
    },
    {
        "lesson": 32,
        "data": {
            "假名": "いし",
            "汉字": "石",
            "中文": "石头",
            "例句": "道に石があります",
            "词性": "名词"
        }
    },
    {
        "lesson": 32,
        "data": {
            "假名": "ラッキーアイテム",
            "汉字": "",
            "中文": "吉祥物",
            "例句": "ラッキーアイテムを持っています",
            "词性": "名词"
        }
    }
]