[
    {
        "lesson": 34,
        "data": {
            "假名": "みがきます",
            "汉字": "磨きます",
            "中文": "刷",
            "例句": "歯を磨きます",
            "词性": "他动词"
        }
    },
    {
        "lesson": 34,
        "data": {
            "假名": "くみたてます",
            "汉字": "組み立てます",
            "中文": "组装",
            "例句": "部品を組み立てます",
            "词性": "他动词"
        }
    },
    {
        "lesson": 34,
        "data": {
            "假名": "おります",
            "汉字": "折ります",
            "中文": "弯折",
            "例句": "紙を折ります",
            "词性": "他动词"
        }
    },
    {
        "lesson": 34,
        "data": {
            "假名": "つけます",
            "汉字": "付けます",
            "中文": "蘸(酱油)",
            "例句": "ご飯に醤油を付けます",
            "词性": "他动词"
        }
    },
    {
        "lesson": 34,
        "data": {
            "假名": "さします",
            "汉字": "差します",
            "中文": "打(伞）",
            "例句": "傘を差します",
            "词性": "他动词"
        }
    },
    {
        "lesson": 34,
        "data": {
            "假名": "のせます",
            "汉字": "載せます",
            "中文": "刊载",
            "例句": "新聞に記事を載せます",
            "词性": "他动词"
        }
    },
    {
        "lesson": 34,
        "data": {
            "假名": "にます",
            "汉字": "煮ます",
            "中文": "煮",
            "例句": "卵を煮ます",
            "词性": "他动词"
        }
    },
    {
        "lesson": 34,
        "data": {
            "假名": "きがつきます",
            "汉字": "気がつきます",
            "中文": "发现，发觉",
            "例句": "忘れ物に気がつきます",
            "词性": "自动词"
        }
    },
    {
        "lesson": 34,
        "data": {
            "假名": "みつかります",
            "汉字": "見つかります",
            "中文": "找到",
            "例句": "鍵が見つかります",
            "词性": "自动词"
        }
    },
    {
        "lesson": 34,
        "data": {
            "假名": "しつもんします",
            "汉字": "質問します",
            "中文": "提问",
            "例句": "先生に質問します",
            "词性": "他动词"
        }
    },
    {
        "lesson": 34,
        "data": {
            "假名": "にえます",
            "汉字": "煮えます",
            "中文": "煮熟",
            "例句": "芋が煮えました",
            "词性": "自动词"
        }
    },
    {
        "lesson": 34,
        "data": {
            "假名": "たちます",
            "汉字": "経ちます",
            "中文": "流逝、过去",
            "例句": "時間が経ちます",
            "词性": "自动词"
        }
    },
    {
        "lesson": 34,
        "data": {
            "假名": "しろ",
            "汉字": "城",
            "中文": "城堡、领域",
            "例句": "遠くに城が見えます",
            "词性": "名词"
        }
    },
    {
        "lesson": 34,
        "data": {
            "假名": "せつめいしょ",
            "汉字": "説明書",
            "中文": "说明书",
            "例句": "説明書を読みます",
            "词性": "名词"
        }
    },
    {
        "lesson": 34,
        "data": {
            "假名": "ず",
            "汉字": "図",
            "中文": "图",
            "例句": "本に図があります",
            "词性": "名词"
        }
    },
    {
        "lesson": 34,
        "data": {
            "假名": "せん",
            "汉字": "線",
            "中文": "线",
            "例句": "紙に線を引きます",
            "词性": "名词"
        }
    },
    {
        "lesson": 34,
        "data": {
            "假名": "やじるし",
            "汉字": "矢印",
            "中文": "箭头",
            "例句": "矢印の方向に進みます",
            "词性": "名词"
        }
    },
    {
        "lesson": 34,
        "data": {
            "假名": "くろ",
            "汉字": "黒",
            "中文": "黑色",
            "例句": "黒い服を着ています",
            "词性": "名词"
        }
    },
    {
        "lesson": 34,
        "data": {
            "假名": "しろ",
            "汉字": "白",
            "中文": "白色",
            "例句": "白い花が咲いています",
            "词性": "名词"
        }
    },
    {
        "lesson": 34,
        "data": {
            "假名": "あか",
            "汉字": "赤",
            "中文": "红色",
            "例句": "赤いバラが美しいです",
            "词性": "名词"
        }
    },
    {
        "lesson": 34,
        "data": {
            "假名": "あお",
            "汉字": "青",
            "中文": "蓝色",
            "例句": "青い空が広がっています",
            "词性": "名词"
        }
    },
    {
        "lesson": 34,
        "data": {
            "假名": "こん",
            "汉字": "紺",
            "中文": "深蓝色",
            "例句": "紺色のスーツが似合います",
            "词性": "名词"
        }
    },
    {
        "lesson": 34,
        "data": {
            "假名": "きいろ",
            "汉字": "黄色",
            "中文": "黄色",
            "例句": "黄色いレモンが美味しいです",
            "词性": "名词"
        }
    },
    {
        "lesson": 34,
        "data": {
            "假名": "ちゃいろ",
            "汉字": "茶色",
            "中文": "棕色",
            "例句": "茶色の鞄を持っています",
            "词性": "名词"
        }
    },
    {
        "lesson": 34,
        "data": {
            "假名": "しょうゆ",
            "汉字": "醤油",
            "中文": "酱油",
            "例句": "料理に醤油を使います",
            "词性": "名词"
        }
    },
    {
        "lesson": 34,
        "data": {
            "假名": "ソース",
            "汉字": "",
            "中文": "沙司",
            "例句": "ハンバーガーにソースをかけます",
            "词性": "名词"
        }
    },
    {
        "lesson": 34,
        "data": {
            "假名": "おきゃく",
            "汉字": "お客",
            "中文": "顾客、客户",
            "例句": "お客が店に入ってきました",
            "词性": "名词"
        }
    },
    {
        "lesson": 34,
        "data": {
            "假名": "ゆうべ",
            "汉字": "昨夜",
            "中文": "昨晚",
            "例句": "昨夜は雨が降りました",
            "词性": "名词"
        }
    },
    {
        "lesson": 34,
        "data": {
            "假名": "さっき",
            "汉字": "",
            "中文": "刚才",
            "例句": "さっき友達と話しました",
            "词性": "名词"
        }
    },
    {
        "lesson": 34,
        "data": {
            "假名": "たっだ今",
            "汉字": "",
            "中文": "刚才（短）",
            "例句": "たっだ今着きました",
            "词性": "名词"
        }
    },
    {
        "lesson": 34,
        "data": {
            "假名": "さどう",
            "汉字": "茶道",
            "中文": "茶道",
            "例句": "茶道を習っています",
            "词性": "名词"
        }
    },
    {
        "lesson": 34,
        "data": {
            "假名": "おちゃを入れます",
            "汉字": "",
            "中文": "泡茶、沏茶",
            "例句": "お客にお茶を入れます",
            "词性": "他动词"
        }
    },
    {
        "lesson": 34,
        "data": {
            "假名": "さきに",
            "汉字": "先に",
            "中文": "先、首先",
            "例句": "先に手を洗ってください",
            "词性": "副词"
        }
    },
    {
        "lesson": 34,
        "data": {
            "假名": "これでいいですか",
            "汉字": "",
            "中文": "这样可以吗？",
            "例句": "これでいいですか、先生",
            "词性": "句子"
        }
    },
    {
        "lesson": 34,
        "data": {
            "假名": "いかがですか",
            "汉字": "",
            "中文": "怎么样？",
            "例句": "この料理はいかがですか",
            "词性": "句子"
        }
    },
    {
        "lesson": 34,
        "data": {
            "假名": "にがい",
            "汉字": "苦い",
            "中文": "苦",
            "例句": "コーヒーは苦いです",
            "词性": "形容词"
        }
    },
    {
        "lesson": 34,
        "data": {
            "假名": "おやこどんぶり",
            "汉字": "親子丼",
            "中文": "鸡肉鸡蛋盖浇饭",
            "例句": "親子丼が食べたいです",
            "词性": "名词"
        }
    },
    {
        "lesson": 34,
        "data": {
            "假名": "ざいりょう",
            "汉字": "材料",
            "中文": "材料",
            "例句": "料理の材料を買います",
            "词性": "名词"
        }
    },
    {
        "lesson": 34,
        "data": {
            "假名": "ぶん",
            "汉字": "分",
            "中文": "份(表示量)",
            "例句": "一人分の料理を作ります",
            "词性": "量词"
        }
    },
    {
        "lesson": 34,
        "data": {
            "假名": "グラム",
            "汉字": "グラム",
            "中文": "克",
            "例句": "この材料は100グラム必要です",
            "词性": "量词"
        }
    },
    {
        "lesson": 34,
        "data": {
            "假名": "一こ",
            "汉字": "一個",
            "中文": "一个",
            "例句": "りんごを一個買いました",
            "词性": "量词"
        }
    },
    {
        "lesson": 34,
        "data": {
            "假名": "たまねぎ",
            "汉字": "玉葱",
            "中文": "洋葱",
            "例句": "玉葱を切ります",
            "词性": "名词"
        }
    },
    {
        "lesson": 34,
        "data": {
            "假名": "よんぶんのいち",
            "汉字": "4分の1",
            "中文": "四分之一",
            "例句": "ケーキを4分の1に切ります",
            "词性": "数词"
        }
    },
    {
        "lesson": 34,
        "data": {
            "假名": "ちょうみりょう",
            "汉字": "調味料",
            "中文": "调料",
            "例句": "料理に調味料を入れます",
            "词性": "名词"
        }
    },
    {
        "lesson": 34,
        "data": {
            "假名": "てきとうなおおきさに",
            "汉字": "適当な大きさに",
            "中文": "适当的大小",
            "例句": "野菜を適当な大きさに切ります",
            "词性": "副词短语"
        }
    },
    {
        "lesson": 34,
        "data": {
            "假名": "なべ",
            "汉字": "鍋",
            "中文": "锅",
            "例句": "鍋に水を入れます",
            "词性": "名词"
        }
    },
    {
        "lesson": 34,
        "data": {
            "假名": "ひ",
            "汉字": "火",
            "中文": "火",
            "例句": "火を点けます",
            "词性": "名词"
        }
    },
    {
        "lesson": 34,
        "data": {
            "假名": "ひにかけます",
            "汉字": "",
            "中文": "放在火上",
            "例句": "鍋を火にかけます",
            "词性": "他动词"
        }
    },
    {
        "lesson": 34,
        "data": {
            "假名": "どんぶり",
            "汉字": "丼",
            "中文": "大碗",
            "例句": "丼にご飯を盛ります",
            "词性": "名词"
        }
    }
]